id,anoFabricacao,cidade,quantidade,siglaEstado,marca,modelo
1,2006.0,,14,,,
2,2021.0,BELO HORIZONTE,2113,MG,FIAT,SIENA 1.0
3,2017.0,NITEROI,17,RJ,,MT03
4,1978.0,,12,MG,,FUSCA 1300 L
5,1992.0,,15,MG,,GOL CL
6,,BUIQUE,27,,,
7,2012.0,BELO HORIZONTE,1411,,FIAT,UNO MILLE ECONOMY
8,2004.0,,38,MG,VW,GOL 1.0
9,2011.0,,13,MG,,NXR150 BROS ESD
10,1984.0,,13,CE,,CHEVROLET D10
11,2007.0,BELEM,15,PA,RENAULT,CLIO AUT 10 16VH
12,1985.0,,12,PR,,MONZA SL
13,2008.0,SAO JORGE DO PATROCINIO,10,PR,HONDA,
14,2017.0,RIO DE JANEIRO,1188,RJ,HONDA,HR-V EX CVT
15,2015.0,,31,RO,HONDA,BIZ 125 ES
16,2021.0,,28,CE,HONDA,
17,2021.0,JUAZEIRO,19,BA,HYUNDAI,HB20 10M EVOLUTI
18,2013.0,BREJO SANTO,11,,,UNO VIVACE 1.0
19,2012.0,,22,BA,CHEVROLET,MONTANA LS
20,2016.0,,49,,,
21,,,11,CE,HONDA,
22,2011.0,PONTA GROSSA,14,,,BRAVO ESSENCE 1.8
23,1970.0,BELO HORIZONTE,925,MG,VW,
24,,,20,MG,HONDA,CG 160 TITAN
25,,JOSENOPOLIS,18,MG,,
26,2008.0,,13,PA,,SUZUKI EN125 YES
27,2009.0,,820,,CHEVROLET,CLASSIC
28,2014.0,BETIM,29,,CHEVROLET,
29,2013.0,UBA,11,MG,,COMET 150 70
30,2011.0,AUTAZES,11,AM,HONDA,BIZ 125 EX
31,2011.0,,14,,YAMAHA,
32,,,15,,HONDA,NXR150 BROS ES
33,1995.0,,12,RJ,FIAT,FIORINO 1.0
34,2019.0,,18,,VW,FOX CONNECT MB
35,,CORBELIA,11,PR,,
36,2011.0,ITAPEVA,18,MG,,GOL 1.0
37,1972.0,,16,PR,FORD,F75
38,2020.0,ANANINDEUA,21,PA,RENAULT,DUSTER ZEN 16
39,2007.0,FOZ DO IGUACU,11,PR,,STRADA ADVENT FLEX
40,2018.0,VITORIA,27,ES,YAMAHA,XTZ150 CROSSER Z
41,,RIO DE JANEIRO,596,RJ,FORD,ESCORT XR3
42,2000.0,RECIFE,19,PE,,PEUGEOT 106 SELECTIO
43,2013.0,VICOSA,35,MG,,STRADA WORKING
44,2008.0,TANGARA DA SERRA,523,MT,HONDA,CG 125 FAN
45,2004.0,,10,,FORD,ECOSPORT XLT 1.6L
46,2017.0,CURITIBA,15,,M.BENZ,
47,,BARREIRINHAS,16,MA,CHEVROLET,CLASSIC LS
48,2019.0,,508,MG,,CB250F TWISTER CBS
49,2004.0,RIO VERDE,12,,FORD,ECOSPORT XLT 1.6L
50,2009.0,RIO DE JANEIRO,27,RJ,HARLEY DAVIDSON,FLSTF
51,2019.0,NOVA IGUACU,13,RJ,,YARIS HB XLS15 AT
52,1997.0,TRES RIOS,11,,,
53,2001.0,MANACAPURU,20,AM,,CELTA
54,1990.0,ANAPOLIS,11,GO,GM,OPALA DIPLOMATA SE
55,2001.0,RIO DAS OSTRAS,20,RJ,GM,CELTA
56,,ITAGUARA,18,MG,FIAT,
57,,,28,,HONDA,CG 150 TITAN KS
58,,,11,RJ,,
59,,ANGRA DOS REIS,12,RJ,,NOVO FOX TL MA
60,1989.0,CAMPO GRANDE,49,MS,GM,MONZA CLASSIC SE
61,2010.0,NOVA SERRANA,431,MG,,CG 150 FAN ESI
62,2004.0,,420,,,CG 150 TITAN KS
63,2012.0,,32,MG,,
64,1987.0,JABOATAO DOS GUARARAPES,11,,,L 708 E
65,1983.0,OLINDA,10,PE,,
66,2016.0,SAO JOSE DE RIBAMAR,10,MA,FIAT,PUNTO ATTRACTIVE
67,1991.0,BAIXO GUANDU,19,,HONDA,CG 125 TODAY
68,,,22,PR,FIAT,
69,,IRARA,19,BA,,CELTA
70,1999.0,,29,RJ,,
71,2002.0,CABO FRIO,19,RJ,,CELTA 3 PORTAS
72,2002.0,NOVA AURORA,14,,,C100 BIZ ES
73,2017.0,MONTANHA,15,ES,,NXR 160 BROS
74,2015.0,PIRAQUARA,13,PR,HONDA,CG150 FAN ESDI
75,2005.0,,22,MT,,GOL 1.0
76,2008.0,,340,PE,DAFRA,SPEED 150
77,2012.0,,19,MG,CHEVROLET,
78,2009.0,,11,,HONDA,CIVIC LXS FLEX
79,2013.0,,14,MG,YAMAHA,
80,2008.0,,22,,HONDA,CG 125 FAN
81,2006.0,CASCAVEL,37,,,SAVEIRO 1.6
82,1993.0,,25,MG,GM,OMEGA GLS
83,,,14,,,CG 160 TITAN EX
84,2006.0,JACOBINA,43,BA,,
85,2013.0,,332,PI,HONDA,CG 150 FAN ESI
86,1991.0,ARACAJU,21,,VW,PARATI CL
87,1996.0,,10,PR,VW,PARATI CL 1.8 MI
88,2016.0,MUCAMBO,13,CE,,
89,2014.0,,30,MG,,
90,2019.0,CAMACARI,35,,,ATEGO 1419
91,2014.0,,13,MA,,CG 150 TITAN ESD
92,2014.0,,10,BA,FORD,FIESTA HA 1.5L
93,2016.0,COLINAS,25,MA,HONDA,BIZ 125
94,2005.0,,19,,M.BENZ,712 CHAVANTE BRUT
95,2011.0,CUIABA,24,MT,HONDA,FIT LX FLEX
96,,CAMBUI,25,MG,VW,GOL 1000
97,,SOBRAL,300,CE,HONDA,NXR160 BROS ESDD
98,2009.0,,17,,,
99,,CASTANHAL,298,,,POP100
100,2021.0,MANAUS,25,AM,,X1 S20I ACTIVEFLEX
101,1968.0,PERDOES,19,MG,,FUSCA 1300
102,2005.0,ARACAJU,23,SE,,
103,2016.0,,23,PE,,
104,2013.0,LUCAS DO RIO VERDE,18,MT,,NOVO GOL 1.6
105,2004.0,COLNIZA,28,,YAMAHA,
106,2016.0,,35,RJ,,VERSA 16 SV
107,2011.0,,10,PR,CHEVROLET,
108,,,10,MS,,
109,1974.0,,21,PR,VW,
110,1980.0,TRES LAGOAS,11,MS,FIAT,147
111,1994.0,CAMPO GRANDE,15,MS,VW,
112,1998.0,FORTALEZA,281,CE,,GOL SPECIAL
113,2007.0,PACO DO LUMIAR,11,MA,FIAT,PALIO ELX FLEX
114,,CARATINGA,22,MG,,
115,,CACHOEIRO DE ITAPEMIRIM,10,ES,VW,POLO 1.6
116,,NOVA IGUACU,22,RJ,,
117,1996.0,IBATIBA,10,ES,,
118,,,36,,VW,FUSCA 1500
119,2014.0,,18,,HONDA,CG 125 FAN ESD
120,2014.0,CACHOEIRO DE ITAPEMIRIM,14,,HONDA,FIT CX FLEX
121,2015.0,RIO DE JANEIRO,255,,,PUNTO ATTRACTIVE
122,1974.0,PIEN,12,PR,VW,
123,2006.0,,19,BA,GM,ASTRA SEDAN ADVANTAGE
124,2021.0,,12,RJ,,
125,2014.0,,252,AC,HONDA,
126,2013.0,BARRA DA ESTIVA,25,BA,,
127,,,13,MG,,
128,2005.0,VILHENA,12,RO,FORD,FIESTA SEDAN1.6FLEX
129,1998.0,,12,BA,,KOMBI
130,2013.0,ALAGOINHAS,13,BA,DAFRA,
131,1998.0,CORONEL FABRICIANO,26,MG,GM,
132,2012.0,NOVO SAO JOAQUIM,13,MT,,
133,1981.0,PIRACANJUBA,10,GO,VW,
134,2017.0,,20,CE,HONDA,
135,,RIO DE JANEIRO,12,RJ,,
136,,,11,MG,FIAT,PALIO FIRE
137,1999.0,SAO LUIS,11,MA,GM,
138,,BELEM,20,PA,FIAT,MAREA SX
139,,MACAU,23,RN,HONDA,
140,2008.0,ITAUNA,237,MG,,CG 150 TITAN KS
141,2003.0,CARIACICA,36,ES,YAMAHA,
142,2013.0,,51,CE,,L200 TRITON HPE D
143,,,24,MG,HONDA,CG150 FAN ESDI
144,,PENAFORTE,50,CE,HONDA,
145,,IPATINGA,50,MG,HONDA,BIZ 125 ES
146,,CAMPOS DOS GOYTACAZES,230,RJ,,FUSCA
147,,MANAUS,229,AM,,GOL CL
148,2011.0,QUATIGUA,12,PR,HONDA,
149,1997.0,,225,,,
150,2007.0,,14,GO,SUNDOWN,HUNTER 100
151,,IVATE,20,PR,,
152,1996.0,RIO PRETO,29,MG,VW,
153,2019.0,GOVERNADOR VALADARES,19,MG,FORD,
154,1998.0,PITANGUI,45,MG,,
155,2008.0,,34,ES,,CG 125 FAN
156,2005.0,,13,AM,HONDA,NXR150BROS CARGO K
157,2019.0,MACEIO,219,AL,HONDA,XRE 300 ABS
158,,CARPINA,14,PE,VW,
159,2015.0,ITABORAI,32,,,SIENA ATTRACTIV 1.4
160,2021.0,,17,MT,CHEV,TRACKER 12T A PR
161,1984.0,,12,MG,,
162,,PORTO DA FOLHA,20,SE,HONDA,
163,,NATAL,34,RN,HONDA,
164,2018.0,DIAS D'AVILA,14,BA,,
165,,,22,MG,HONDA,NXR160 BROS ESD
166,2020.0,PAULISTA,211,PE,,
167,2011.0,SAO TOME,13,PR,HONDA,BIZ 125 ES
168,2006.0,MARIO CAMPOS,14,MG,,
169,1988.0,CAMPOS DOS GOYTACAZES,38,,FORD,ESCORT XR3
170,2010.0,,23,RJ,HONDA,NXR150BROS MIX ESD
171,2020.0,CURURUPU,12,,HONDA,BIZ 125
172,2007.0,,10,TO,HONDA,BIZ 125 ES
173,1994.0,RIO DE JANEIRO,205,RJ,,CITROEN ZX 2.0I VOLC
174,2007.0,CAPELA,12,SE,VW,GOL 1.0
175,2011.0,CODO,204,MA,,
176,1979.0,VARGINHA,24,MG,VW,PASSAT
177,2001.0,,20,RR,,S10 DE LUXE 2.8 D
178,,SENADOR FIRMINO,10,,HONDA,CG150 FAN ESDI
179,1998.0,,19,PE,GM,CORSA WIND
180,2010.0,BRASILIA,202,DF,,VOYAGE 1.6
181,2015.0,VILA VELHA,11,ES,FORD,KA SEL 1.5 HA
182,,DUQUE DE CAXIAS,13,RJ,,ELBA S
183,2003.0,SAO JOAO DO PARAISO,32,MG,HONDA,CG 125 TITAN KSE
184,2007.0,,13,,FORD,FIESTA FLEX
185,,,14,MG,VOLVO,
186,1993.0,MAGE,32,RJ,VW,
187,1972.0,CASCAVEL,198,PR,VW,FUSCA 1500
188,1996.0,,12,MG,FIAT,UNO MILLE EP
189,1991.0,,13,PR,,SAO CARLOS C-1
190,2005.0,,10,PR,,IDEA ELX FLEX
191,2008.0,VILA VELHA,196,ES,VW,GOL 1.0
192,2016.0,,10,CE,HONDA,
193,,,10,GO,YAMAHA,NMAX
194,2007.0,RIO DE JANEIRO,32,,VW,
195,,PARANATAMA,22,,HONDA,CG 150 TITAN KS
196,2012.0,SENGES,20,PR,FIAT,
197,1991.0,CAMPOS DOS GOYTACAZES,42,RJ,,APOLLO GL
198,2008.0,,13,AL,HONDA,
199,2016.0,MARICA,27,RJ,HONDA,CG 160 FAN ESDI
200,1990.0,INHUMAS,19,GO,,CG 125 TODAY
201,2014.0,,22,,,
202,2007.0,ITAGUARI,22,GO,,GOL 1.0
203,,,48,PR,,
204,2016.0,CAMPO GRANDE,189,,,
205,,,23,AM,HONDA,NXR150 BROS ES
206,1981.0,CUIABA,44,MT,FORD,CORCEL II L
207,2006.0,SUMIDOURO,16,RJ,,CG 150 TITAN KS
208,2008.0,MURIAE,185,MG,HONDA,CG 150 TITAN KS
209,2014.0,,12,,,NXR150 BROS ESD
210,2012.0,,39,MG,,
211,,,15,GO,,CG 150 TITAN EX
212,,FORTALEZA,183,CE,,RENEGADE LNGTD AT D
213,,,22,,HONDA,NXR150 BROS ES
214,,CONSELHEIRO LAFAIETE,10,MG,YAMAHA,YBR 125ED
215,,CAMPO GRANDE,182,MS,GM,CELTA 2P LIFE
216,1999.0,SURUBIM,181,PE,HONDA,
217,2011.0,,14,PE,,
218,1993.0,RIO DE JANEIRO,179,RJ,FIAT,
219,2002.0,,10,PR,,
220,2001.0,NOVA SANTA ROSA,12,PR,VW,GOL SPECIAL
221,2005.0,RIO DE JANEIRO,178,RJ,,PICASSO 16 GLX
222,2014.0,,21,MG,FIAT,PALIO SPORTING 1.6
223,1976.0,,14,PR,VW,KOMBI
224,2004.0,JANAUBA,10,MG,,
225,2020.0,PAULO AFONSO,175,BA,HONDA,
226,2001.0,ANANINDEUA,14,PA,,COROLLA XEI
227,,SANTA LUZIA,174,MG,VW,GOL 1.0
228,1985.0,SERRA,34,ES,,FUSCA
229,,PONTA GROSSA,17,PR,NISSAN,VERSA 16 UNIQUE
230,2009.0,,26,GO,,BIZ 125 KS
231,2021.0,BOQUIM,13,SE,HONDA,CG 160 CARGO
232,1982.0,,15,MG,TOYOTA,BANDEIRANTE
233,1987.0,ANANINDEUA,35,PA,,
234,1997.0,RIO AZUL,17,,,CG 125 TITAN
235,2010.0,SETE LAGOAS,172,MG,HONDA,
236,2020.0,,15,,HONDA,POP 110I
237,2014.0,,172,PE,VW,
238,1986.0,,18,PR,,
239,2011.0,,11,PR,,
240,2008.0,URUARA,27,,,GOL 1.0
241,2009.0,GOIANIA,169,,FIAT,STRADA FIRE FLEX
242,2007.0,,26,,HONDA,
243,1973.0,PARACAMBI,12,RJ,,
244,,DOIS RIACHOS,31,AL,HONDA,CG 125 TITAN KS
245,2001.0,BOM JARDIM,13,MA,HONDA,
246,2015.0,RIO DAS OSTRAS,19,RJ,FIAT,
247,,MARABA,22,,TRAXX,JL50 Q2
248,2021.0,,48,RN,FIAT,SIENA 1.4
249,2016.0,,11,PR,FORD,
250,,GOIANIA,11,GO,PEUGEOT,206SW 16FE FXA
251,1973.0,,17,PR,,
252,2006.0,IMPERATRIZ,20,MA,VW,
253,1994.0,BRASILIA,13,DF,,GOL FURGAO
254,2016.0,UNAI,13,,FIAT,
255,2003.0,UBERABA,162,MG,HONDA,CG 125 TITAN KSE
256,2005.0,LAGOA DO ITAENGA,31,PE,,CG 150 TITAN KS
257,1988.0,CURITIBA,10,PR,AGRALE,SXT 16.5
258,1989.0,NITEROI,52,RJ,HONDA,
259,,ARAUCARIA,159,PR,,CG 125 FAN
260,2011.0,PONTA GROSSA,43,PR,YAMAHA,FACTOR YBR125 K
261,2012.0,NOVA VENECIA,44,,HONDA,
262,2015.0,NOVA LIMA,18,MG,,STRADA WORKING
263,2016.0,UBERLANDIA,41,MG,VW,
264,2009.0,,157,MS,,
265,1976.0,ITABORAI,26,RJ,,L 1113
266,2014.0,SALINAS,10,MG,,HB20 1.0M COMFOR
267,2014.0,MANAUS,25,AM,,
268,2008.0,,32,,,
269,,,30,ES,HONDA,
270,2005.0,CARIUS,11,CE,HONDA,C100 BIZ
271,1981.0,TERRA RICA,11,PR,,
272,2018.0,FRUTAL,14,,,YBR125I FACTOR ED
273,,,12,GO,,JL50Q-8
274,2013.0,,31,TO,,T115 CRYPTON ED
275,2011.0,,14,PR,VW,
276,,ANTONINA DO NORTE,28,CE,HONDA,CG 125 TITAN KS
277,2001.0,PIRAI DO SUL,23,PR,GM,CELTA
278,2006.0,BARRA LONGA,13,MG,HONDA,
279,2014.0,ALFENAS,13,,,PRISMA 1.4MT LTZ
280,,,31,,,
281,2007.0,,33,ES,TOYOTA,COROLLA XEI18VVT
282,2001.0,,33,MG,FIAT,PALIO ELX
283,,,13,,FORD,KA FLEX
284,2012.0,,11,PR,,VOYAGE 1.6 COMFORTL
285,2020.0,,10,CE,,CG 160 TITAN
286,2013.0,ALTAMIRA,25,PA,CHEVROLET,CELTA 1.0L LT
287,,,36,MG,FIAT,UNO MILLE WAY ECON
288,1997.0,,14,,,FORD ESCORT GLX 16V
289,2015.0,MAGE,41,RJ,,CB 300R
290,,CAREIRO,12,AM,HONDA,
291,2001.0,CAMPO GRANDE,16,AL,HONDA,CG 125 TITAN KS
292,1971.0,ANAPOLIS,11,,GM,
293,2016.0,ARARIPINA,46,PE,HONDA,
294,2011.0,,10,PA,SR,
295,2000.0,ITAMARANDIBA,12,MG,,
296,2020.0,CAUCAIA,12,CE,,STRADA ENDURANCE CS
297,2010.0,SALVADOR,144,BA,GM,
298,,PRIMAVERA DO LESTE,16,MT,,ECOSPORT XLT1.6FLEX
299,,CAMPINA GRANDE DO SUL,11,PR,,STRADA HD WK CC E
300,1992.0,CURITIBA,144,PR,,SANTANA GL 2000
301,2016.0,,144,CE,,NXR 160 BROS
302,2014.0,,12,MG,,
303,2011.0,SAO JOAO DEL REI,12,MG,DAFRA,TVS APACHE RTR 150
304,2017.0,,10,MG,,
305,2021.0,,18,RO,DAF,
306,2014.0,TERESOPOLIS,23,RJ,RENAULT,SANDERO STEP 16
307,,OLINDA,11,PE,JEEP,RENEGADE SPORT AT
308,2014.0,BELEM,20,PA,MOTO TRAXX,
309,2014.0,,11,,HONDA,BIZ 100 ES
310,2011.0,,140,RJ,,
311,2005.0,LAGARTO,52,SE,,
312,,ARAPONGAS,15,PR,GM,MERIVA MAXX
313,,,140,,,HB20 1.0M COMFOR
314,2004.0,,18,BA,,
315,,BRASILIA,139,DF,NISSAN,KICKS S CVT
316,2018.0,,12,PE,FORD,ECOSPORT FSL AT 1.5
317,,JAPERI,26,RJ,,YBR150 FACTOR ED
318,2007.0,VITORIA,41,ES,HONDA,BIZ 125 MAIS
319,2015.0,,139,CE,VW,SAVEIRO CS ST MB
320,2008.0,,19,MG,FIAT,PALIO FIRE FLEX
321,1997.0,FAZENDA RIO GRANDE,12,PR,VW,KOMBI
322,2011.0,BORDA DA MATA,18,,FIAT,UNO MILLE ECONOMY
323,2014.0,,12,BA,,STRADA WORKING CD
324,1992.0,BETIM,15,,FIAT,ELBA CSL 1.6
325,2003.0,,15,,FIAT,
326,2014.0,,13,PR,,
327,2012.0,,27,PE,HONDA,FIT TWIST
328,2008.0,,10,,HONDA,
329,,FORMOSA,134,GO,,
330,2013.0,JUTAI,18,AM,HONDA,
331,2006.0,GUARANTA DO NORTE,11,MT,,HUNTER 90
332,,,18,MG,GM,CORSA SEDAN MAXX
333,2006.0,NITEROI,18,RJ,,ECOSPORT XLT
334,2008.0,CASCAVEL,41,PR,,POLO SEDAN 1.6
335,,,30,BA,FORD,CARGO 1517 E
336,1996.0,ARAPIRACA,17,AL,FIAT,PALIO EL
337,,,12,,FIAT,
338,2012.0,IRATI,12,PR,HONDA,
339,2014.0,LAURO DE FREITAS,13,,HONDA,
340,,,11,PI,,
341,2007.0,BELO HORIZONTE,30,,,PUNTO 1.4
342,,BARREIRAS,26,BA,FIAT,UNO ATTRACTIVE 1.0
343,2001.0,,12,,VW,
344,1989.0,,10,PR,,
345,,,10,PE,HONDA,
346,2006.0,AQUIDAUANA,16,MS,FIAT,
347,1993.0,CAMBE,22,PR,,CG 125 TODAY
348,1977.0,CARMO DO CAJURU,11,MG,VW,BRASILIA
349,,,10,RJ,,
350,2003.0,,35,,GM,CORSA CLASSIC
351,2018.0,,128,SE,FIAT,
352,1984.0,GOVERNADOR VALADARES,10,MG,FORD,
353,2005.0,MIMOSO DO SUL,20,ES,HONDA,CG 150 TITAN KS
354,2016.0,,127,DF,,VERSA 16SV CVT
355,,DIVINO DE SAO LOURENCO,10,ES,HONDA,CG 125 TITAN
356,2010.0,,12,CE,HONDA,NXR150 BROS MIX ES
357,2005.0,AFOGADOS DA INGAZEIRA,31,PE,HONDA,CG 125 FAN
358,2007.0,CAMPOS DOS GOYTACAZES,125,,,
359,2013.0,UNAI,16,MG,HONDA,
360,2001.0,,24,MG,YAMAHA,
361,2008.0,,15,GO,FORD,FIESTA 1.6 FLEX
362,,,23,PE,,CELTA 1.0L LS
363,2007.0,,32,CE,HONDA,
364,,CONSELHEIRO LAFAIETE,15,MG,VW,
365,2008.0,RIACHO DE SANTANA,13,BA,JTA,SUZUKI EN125 YES
366,2012.0,MOSSORO,29,,,
367,2020.0,,11,MS,,
368,2016.0,SERRA,28,,,
369,2002.0,,123,MS,SR,RANDON SR CA
370,2021.0,,20,RO,,
371,1981.0,,122,AM,,
372,2017.0,,11,PE,,
373,2007.0,,16,PR,,NXR150 BROS ES
374,1998.0,,121,CE,HONDA,CG 125 TITAN
375,2017.0,,12,MG,CHEVROLET,ONIX 1.0MT LT
376,2008.0,,121,ES,HONDA,CG 150 TITAN ES
377,1986.0,NOVA FRIBURGO,10,RJ,,147
378,,,10,,,
379,1987.0,BETIM,14,MG,GM,
380,1991.0,TANGUA,15,,,GOL CL
381,,NOVA IGUACU,119,RJ,,
382,2020.0,MANAUS,119,AM,CHEVROLET,
383,1988.0,NATAL,14,RN,,CB 450 DX
384,2011.0,URUACU,19,GO,VW,GOLF 1.6 SPORTLINE
385,1998.0,,15,ES,,BLAZER DLX
386,2008.0,CAPELA DO ALTO ALEGRE,47,,HONDA,CG 125 FAN
387,,,13,CE,,BIZ 125 KS
388,1995.0,PAICANDU,13,PR,,VW GOLF GL
389,,,30,,VW,FUSCA 1500
390,2018.0,RIO BRANCO,118,,,
391,2002.0,,37,RJ,VW,KOMBI
392,1993.0,CASTELO DO PIAUI,10,PI,GM,D20 CUSTOM S
393,1988.0,BAIXO GUANDU,10,,,XL 125 S
394,2008.0,PAU DOS FERROS,27,RN,,CELTA 4P LIFE
395,2005.0,SAO DOMINGOS DO MARANHAO,26,MA,,CG 125 FAN
396,2004.0,ARACATI,20,CE,,GOL 1.0
397,2005.0,ALMIRANTE TAMANDARE,10,,GM,ASTRA HB 2P ADVANTAGE
398,2010.0,LONDRINA,21,PR,HONDA,
399,1983.0,CANDEIAS,11,BA,,
400,2006.0,ITAPIPOCA,24,CE,VW,
401,1983.0,,115,RJ,VW,VOYAGE
402,2009.0,,19,GO,HONDA,CG150 TITAN MIX EX
403,,JUIZ DE FORA,15,MG,DODGE,
404,2004.0,NOVO PROGRESSO,37,PA,,
405,,NEPOMUCENO,36,MG,,
406,,CARIACICA,16,ES,,HB20 1.6M COMF
407,2011.0,CURVELO,13,MG,VW,FOX 1.6 GII
408,2011.0,NATAL,113,RN,HONDA,
409,,MACEIO,113,AL,,CLASSIC
410,2002.0,,12,RO,,
411,,AFONSO CLAUDIO,13,ES,HONDA,C100 BIZ ES
412,2003.0,RIO LARGO,43,,HONDA,CG 125 TITAN KS
413,2007.0,JUIZ DE FORA,20,MG,GM,
414,1993.0,,11,RJ,,
415,,SAO JOSE DE MIPIBU,10,RN,VW,NOVO GOL 1.0
416,2004.0,,36,,,
417,1994.0,DOMINGOS MARTINS,10,ES,,KOMBI
418,1992.0,,112,PR,,
419,2014.0,PONTA GROSSA,37,PR,CHEVROLET,
420,1996.0,CAFELANDIA,17,,GM,VECTRA GLS
421,,,22,ES,VOLVO,FH 440 6X2T
422,1996.0,POCOS DE CALDAS,14,MG,,FIORINO IE
423,2010.0,SANTA MARIANA,12,PR,,CLASSIC LS
424,2000.0,,13,GO,HONDA,CG 125 TITAN KS
425,1983.0,BETIM,24,MG,VW,PARATI
426,,,29,MA,HONDA,
427,2018.0,ANGRA DOS REIS,13,RJ,YAMAHA,NMAX
428,2014.0,,15,RJ,CHEVROLET,CRUZE LT NB
429,2001.0,,27,GO,M.BENZ,A 160
430,2017.0,RIO VERDE,110,GO,HONDA,CG 160 FAN ESDI
431,,,25,CE,FORD,
432,1988.0,,11,MG,YAMAHA,DT 180 Z
433,1998.0,,110,RO,HONDA,CG 125 TITAN
434,,SAO GONCALO,25,RJ,VW,
435,1983.0,PARAGUACU,17,MG,,
436,2006.0,,34,PR,,CORSA HATCH MAXX
437,2009.0,BONITO,13,PE,GM,
438,2011.0,,37,,,207PASSION XR
439,2004.0,,21,PR,GM,VECTRA EXPRESSION
440,,TEIXEIRA DE FREITAS,10,,CHEVROLET,ONIX 1.4AT LTZ
441,1992.0,CONTAGEM,36,,VW,
442,2000.0,CAMPOS SALES,108,CE,HONDA,CG 125 TITAN KS
443,2012.0,LAGARTO,108,,HONDA,
444,2014.0,CACHOEIRO DE ITAPEMIRIM,18,ES,VW,
445,,AGUA BRANCA,107,PI,,
446,,CODO,107,MA,HONDA,BIZ 100 ES
447,1996.0,NOVO GAMA,17,GO,GM,CORSA GL
448,2004.0,MONTE ALEGRE,14,,FIAT,PALIO FIRE
449,,PENTECOSTE,25,CE,,BIZ 125 KS
450,2006.0,,37,RN,,NXR150 BROS ESD
451,,CORUMBA,32,,FORD,KA FLEX
452,2021.0,WENCESLAU BRAZ,32,,SR,
453,2012.0,SANTO ANTONIO DO MONTE,12,MG,FIAT,SIENA EL 1.4 FLEX
454,,,104,MG,FIAT,PALIO FIRE ECONOMY
455,2007.0,CASTELO,10,,,
456,1982.0,,104,MS,HONDA,
457,2000.0,PETROLINA,104,,HONDA,
458,,,35,GO,VOLVO,
459,2014.0,,11,BA,VW,
460,2015.0,,34,TO,CHEVROLET,
461,,,12,PE,,CG 125
462,2021.0,,10,GO,JEEP,RENEGADE 1.8 AUTOM.
463,2013.0,SAO LUIS,40,MA,,HB20S 1.6A PREM
464,2020.0,BRASILIA,45,DF,FIAT,FIORINO 1.4 FLEX
465,2009.0,,20,,FIAT,
466,2013.0,FEIRA DE SANTANA,14,BA,CHEVROLET,ONIX 1.4AT LTZ
467,1996.0,FORTALEZA,28,CE,,TEMPRA 16V
468,2010.0,TANGARA DA SERRA,18,MT,,CG150 FAN ESDI
469,1996.0,APARECIDA DE GOIANIA,102,GO,FIAT,PALIO ED
470,2019.0,,17,PR,,VIRTUS HL AD
471,2021.0,XINGUARA,33,PA,,
472,,ABAETE,10,MG,,UNO CS
473,,,11,,HONDA,BIZ 125 ES
474,1978.0,RIO DE JANEIRO,100,RJ,FORD,
475,2002.0,,18,MS,YAMAHA,YBR 125ED
476,2012.0,BARRA DE GUABIRABA,17,PE,HONDA,POP100
477,2006.0,IPANEMA,28,MG,VW,
478,,,11,PR,,SANTANA
479,1995.0,PRESIDENTE KENNEDY,14,,,GOL 1000I
480,2003.0,MARAVILHA,10,AL,HONDA,CG 125 TITAN KSE
481,2008.0,VITORIA,10,ES,GM,MERIVA PREMIUM
482,2008.0,MANAUS,11,,FIAT,
483,2016.0,MAUES,14,AM,,CG 160 TITAN EX
484,1981.0,,11,GO,FORD,CORCEL II L
485,,ARAPIRACA,14,AL,YAMAHA,
486,2005.0,ARCOS,11,MG,VW,FOX 1.0
487,2001.0,,26,MG,VW,
488,2013.0,GOIANIA,97,,,
489,,,97,RJ,,CG 160 START
490,2009.0,PARAUAPEBAS,18,PA,HONDA,
491,1998.0,,10,ES,FIAT,PALIO ELX
492,1982.0,,97,RJ,,
493,1995.0,MARABA,35,,GM,CORSA WIND
494,2014.0,RIBEIRA DO POMBAL,21,,HONDA,
495,,CANAPOLIS,10,MG,,
496,2005.0,,12,RJ,FIAT,STRADA FIRE
497,2016.0,,10,MG,FIAT,
498,2005.0,,12,RO,,
499,2010.0,MARICA,10,RJ,HONDA,
500,2011.0,CURITIBA,96,PR,,
501,2005.0,ARAGUARI,14,MG,,
502,1987.0,,12,AC,,
503,,,94,PR,FORD,FIESTA FLEX
504,,,10,,FIAT,UNO MILLE FIRE FLEX
505,2010.0,CURITIBA,15,,MMC,PAJERO HD
506,2021.0,,17,MS,RENAULT,LOGAN ZEN10MT
507,,,20,PA,VW,POLO MCA
508,2015.0,,10,PE,HONDA,POP100
509,1980.0,,28,,VW,VARIANT II
510,2000.0,COLORADO,10,,,
511,2006.0,,10,MG,VW,FOX 1.0
512,,,21,,HONDA,NXR150 BROS ES
513,,,12,,,
514,2021.0,GOIANIA,34,GO,,RENEGADE MOAB
515,2016.0,CEARA-MIRIM,21,RN,HONDA,
516,2006.0,APARECIDA DE GOIANIA,92,,,HUNTER 90
517,,,12,,HONDA,NXR 160 BROS
518,2013.0,,19,MA,,CG 125 FAN ESD
519,2009.0,CORUMBA,32,MS,FIAT,PALIO FIRE ECONOMY
520,2011.0,ILICINEA,13,,,
521,,FORTALEZA,16,CE,,HERCULES C
522,2010.0,SARANDI,11,PR,TOYOTA,
523,1983.0,PIUMHI,10,MG,,
524,2012.0,JACUNDA,91,PA,,NXR150 BROS ES
525,2018.0,MANARI,11,PE,,
526,2017.0,SAO JOSE DOS PINHAIS,24,PR,JEEP,
527,1998.0,,90,PE,HONDA,CG 125 CARGO
528,2013.0,CALDAS NOVAS,90,GO,,
529,2013.0,TORITAMA,16,,VW,
530,2015.0,,10,ES,,KA SEL 1.5 SD
531,2019.0,SALVADOR,13,,MAN,TGX 29.480 6X4 T
532,1985.0,SAO JOSE DOS PINHAIS,38,PR,VW,FUSCA 1600
533,2011.0,,89,PR,HONDA,
534,2011.0,DIVINOPOLIS,89,MG,,UNO VIVACE 1.0
535,2019.0,,10,MG,HYUNDAI,
536,2003.0,,11,PR,,
537,,,11,MG,HONDA,XR 200R
538,2009.0,,31,MG,VW,
539,2015.0,,89,BA,NISSAN,
540,,CUIABA,23,MT,HONDA,
541,2005.0,,14,,,
542,1999.0,CARUARU,11,,YAMAHA,CRYPTON T105E
543,2000.0,MARMELEIRO,15,PR,,
544,1997.0,PETROPOLIS,49,RJ,GM,CORSA GL
545,,TURVANIA,10,GO,,BIZ 125
546,2007.0,,16,MG,,FOX 1.0
547,1983.0,DIVINOPOLIS,88,MG,,147
548,2000.0,,11,MT,,GUERRA AG GR
549,2015.0,,32,MG,YAMAHA,
550,,ANDRADAS,10,,,
551,1996.0,RIO DE JANEIRO,20,RJ,,FORD VERONA 2.0I S
552,1991.0,CURITIBA,17,PR,GM,
553,1985.0,RIO DE JANEIRO,14,RJ,GM,CHEVETTE HATCH SL
554,2011.0,,49,AC,VW,
555,,BETIM,25,,FIAT,
556,,BOTUPORA,15,BA,VW,GOL 1.0
557,2015.0,ITAINOPOLIS,10,PI,,
558,1998.0,,13,PE,FORD,
559,,JAPONVAR,21,MG,HONDA,NXR150 BROS ES
560,,JUATUBA,14,MG,HONDA,
561,2007.0,HORIZONTE,10,CE,,CROSSFOX
562,2015.0,,11,MG,,NXR160 BROS ESDD
563,2018.0,,26,RO,,
564,1978.0,,27,MG,,
565,2007.0,,87,RR,SUNDOWN,
566,2012.0,,17,MG,VW,NOVO GOL 1.6
567,2021.0,SORRISO,26,MT,FIAT,STRADA FREEDOM 13CD
568,2007.0,VILA VELHA,18,ES,,YBR 125ED
569,2016.0,,15,,FIAT,
570,2003.0,SANTA INES,14,MA,,
571,2004.0,,86,GO,,CORSA SEDAN MAXX
572,2011.0,GROAIRAS,20,,HONDA,CG 125 FAN ES
573,,GOIANIA,13,GO,GM,
574,2006.0,,42,MT,FIAT,
575,1979.0,,85,MG,,PASSAT
576,2005.0,,11,ES,VW,FOX 1.0
577,2016.0,SOBRAL,19,CE,,
578,2017.0,PORTO VELHO,32,RO,FORD,
579,2015.0,VESPASIANO,29,MG,FIAT,PALIO FIRE
580,2012.0,NOVA OLINDA,26,,HONDA,NXR150 BROS ES
581,2019.0,ARACRUZ,12,ES,,TORO VOLCANO AT9 D4
582,2017.0,,16,,FORD,KA SE 1.5 HA B
583,,,10,RO,HONDA,
584,1984.0,ITUMBIARA,24,,GM,CHEVETTE
585,2005.0,,16,AP,HONDA,NXR150 BROS KS
586,2018.0,MACEIO,83,AL,,CAPTUR LIFE 16 A
587,2008.0,SALVADOR,21,BA,PEUGEOT,
588,1999.0,,34,BA,GM,ASTRA GLS
589,2017.0,SAO MATEUS,83,,HONDA,
590,2017.0,POCOS DE CALDAS,48,MG,HONDA,CG 160 FAN ESDI
591,2013.0,,31,AP,HYUNDAI,HR HDB
592,,CONSELHEIRO LAFAIETE,83,MG,YAMAHA,
593,,COLOMBO,29,,FORD,
594,2001.0,JUIZ DE FORA,15,MG,,COURIER 1.6 L
595,2004.0,,82,,JTA,SUZUKI INTRUDER 125
596,2001.0,ARAUCARIA,82,,VW,GOL SPECIAL
597,2010.0,ITUIUTABA,15,MG,HONDA,
598,1996.0,NILOPOLIS,24,RJ,GM,
599,,,37,GO,CHEVROLET,
600,2011.0,,12,,VW,
601,2014.0,SANTA TEREZINHA,10,MT,HONDA,
602,1996.0,,18,MG,VW,GOL 1000I
603,2010.0,,30,,,NXR150 BROS ES
604,,,15,,HONDA,CG 150 TITAN ESD
605,2012.0,FORTALEZA,82,CE,CHEVROLET,COBALT 1.8 LTZ
606,2020.0,PARA DE MINAS,17,MG,FIAT,ARGO TREKKING 1.3
607,1985.0,,29,MG,GM,MONZA SL
608,2012.0,PORTO SEGURO,81,BA,,
609,2011.0,,25,PE,HONDA,
610,,PORTO VELHO,81,RO,,
611,2012.0,,13,PE,FIAT,
612,1966.0,MANDAGUARI,14,PR,,FUSCA 1200
613,2002.0,CIANORTE,36,PR,GM,CELTA
614,1979.0,DUQUE DE CAXIAS,10,RJ,VW,VARIANT II
615,,,81,MG,HONDA,
616,2015.0,PIRIPIRI,10,PI,HYUNDAI,HB20 1.6M COMF
617,2004.0,,13,,,
618,1972.0,CARMO DO RIO CLARO,13,MG,VW,FUSCA 1300
619,1997.0,CRIXAS,12,,,UNO MILLE SX
620,2014.0,VICENCIA,18,PE,,
621,1998.0,SAO LUIS DE MONTES BELOS,80,GO,HONDA,CG 125 TITAN
622,2012.0,,10,MG,CHEVROLET,CRUZE LT NB
623,2006.0,,10,ES,,
624,,,35,SE,VW,GOL 1.6 POWER
625,2019.0,TEOFILO OTONI,13,MG,,COROLLA XEI 20
626,2002.0,,13,,HONDA,
627,2013.0,LONDRINA,25,PR,HYUNDAI,HB20 1.6M PREM
628,2014.0,SAO JOAO DE MERITI,52,RJ,,HB20S 1.0M COMF
629,2012.0,,29,RN,,
630,,PARNAMIRIM,18,PE,,CG150 FAN ESDI
631,2021.0,,42,,HONDA,
632,2020.0,MESQUITA,21,RJ,HONDA,NXR160 BROS ESDD
633,,FLORESTA,10,PE,YAMAHA,YBR 125K
634,1989.0,NITEROI,23,RJ,FORD,ESCORT GHIA
635,2005.0,BARRA MANSA,12,RJ,,
636,2018.0,,19,PA,,POLO CL AD
637,2004.0,UBERLANDIA,15,,,
638,2012.0,,11,MG,VW,FOX 1.0 GII
639,1997.0,,33,PE,,PALIO EDX
640,2007.0,BRASILIA,12,DF,M.BENZ,2423 K
641,2006.0,,26,,FORD,
642,,TURILANDIA,13,,HONDA,BIZ 125
643,2005.0,VILA VELHA,19,ES,PEUGEOT,206 14 FELINE
644,2006.0,,36,GO,HONDA,
645,1968.0,SANTO ANTONIO DO AMPARO,11,MG,VW,FUSCA 1300
646,,PORTO SEGURO,76,BA,HONDA,
647,,,32,PI,VW,GOL 1.0
648,2005.0,ANTONIO MARTINS,16,RN,HONDA,CG 150 TITAN KS
649,2001.0,ANAPOLIS,22,GO,VW,
650,1989.0,ANAPOLIS,16,GO,VW,
651,2008.0,ITACOATIARA,22,AM,,
652,2009.0,,75,RJ,,PALIO ELX FLEX
653,1995.0,BOA ESPERANCA,27,ES,,CG 125 TITAN
654,1989.0,GOVERNADOR VALADARES,18,MG,,UNO S
655,2003.0,JAGUAQUARA,10,,FIAT,
656,2012.0,,14,AL,,CG 150 FAN ESI
657,2012.0,,32,PE,,ECOSPORT SE 1.6
658,2015.0,IMPERATRIZ,52,MA,TOYOTA,
659,2000.0,RECIFE,17,PE,FIAT,
660,2008.0,CAMPO BELO,31,MG,,GOL 1.0
661,2005.0,,75,PR,HONDA,
662,1996.0,SANTOS DUMONT,12,MG,,
663,,SAO LUIS DE MONTES BELOS,11,GO,,
664,2012.0,PINHAIS,10,PR,,FACTOR YBR125 ED
665,1974.0,MACEIO,74,AL,VW,FUSCA 1300
666,2010.0,,25,,,KA FLEX
667,2010.0,,17,PR,VW,17.250 CNC
668,,,14,,HONDA,CIVIC LXS
669,,NATAL,20,RN,NISSAN,
670,2009.0,,73,TO,CHEVROLET,CLASSIC
671,2003.0,BANDEIRANTES,12,PR,FIAT,
672,1990.0,,37,,,UNO 1.6 R
673,2012.0,VENDA NOVA DO IMIGRANTE,11,ES,,PALIO ATTRACTIV 1.0
674,2014.0,,10,BA,HONDA,CG 125 FAN KS
675,2008.0,,73,MT,HONDA,
676,1994.0,,20,,VW,
677,2018.0,JUIZ DE FORA,20,MG,,COMPASS SPORT F
678,2020.0,IBIRITE,14,,,CG 160 TITAN S
679,2001.0,VITORIA DA CONQUISTA,21,BA,JTA,
680,2009.0,CRUZ DAS ALMAS,10,,,CB 300R
681,2010.0,UBA,26,,,CELTA 2P LIFE
682,2018.0,,12,MA,,
683,2003.0,,17,RJ,,
684,2014.0,,11,MT,HONDA,CG150 FAN ESDI
685,2019.0,,27,BA,YAMAHA,YS150 FAZER SED
686,2010.0,NOVA IGUACU,72,RJ,GM,
687,,,15,PR,,BIZ 125
688,1998.0,MARINGA,28,PR,GM,S10 2.2 S
689,2012.0,,31,CE,,NXR150 BROS ES
690,2021.0,,34,PR,HONDA,
691,2012.0,,72,PR,VW,
692,2017.0,PASSOS,16,MG,YAMAHA,XTZ250 TENERE
693,1996.0,,30,MG,,GOL PLUS MI
694,,RONDON,18,PR,,BIZ 125 ES
695,,ANAPOLIS,44,GO,,OPALA
696,2015.0,,10,PR,,
697,2007.0,THEOBROMA,12,RO,,
698,2014.0,FAZENDA RIO GRANDE,13,PR,VW,NOVO GOL 1.0 CITY
699,1984.0,,11,BA,M.BENZ,L 1113
700,,SAPEZAL,10,MT,TOYOTA,COROLLA XEI20FLEX
701,1979.0,PARACATU,28,MG,,147 L
702,1997.0,CAIANA,12,,,
703,2002.0,FOZ DO IGUACU,44,PR,RENAULT,CLIO RT 1.0 16V
704,,VILA VELHA,18,ES,FIAT,
705,,RIO DE JANEIRO,70,RJ,,
706,,IMPERATRIZ,18,MA,FORD,
707,2022.0,,10,PI,TOYOTA,
708,2000.0,,12,ES,,GOLF
709,2010.0,BRASNORTE,14,MT,HONDA,
710,2007.0,,45,ES,HONDA,CG 150 TITAN KS
711,1977.0,JOAO MONLEVADE,36,,,CHEVETTE
712,1978.0,BARREIRAS,14,BA,,
713,2014.0,,20,GO,HONDA,
714,2011.0,,28,CE,,SOFT
715,2016.0,PARAUAPEBAS,21,,CHEVROLET,ONIX 1.4MT LTZ
716,1977.0,MANHUACU,16,MG,VW,FUSCA 1300 L
717,,BELO HORIZONTE,24,MG,DAF,XF105 FTS 460A
718,2019.0,,15,RN,CHEVROLET,ONIX 1.0MT LT
719,,,69,MG,HONDA,LEAD 110
720,2006.0,EDEIA,10,GO,HONDA,CG 150 TITAN ESD
721,2009.0,TRES LAGOAS,10,MS,GM,PRISMA JOY
722,,NOVA XAVANTINA,48,MT,HONDA,CG 125 TITAN KS
723,,ARACAJU,13,SE,MARCOPOLO,VOLARE W9 ON
724,2015.0,CASTANHEIRA,39,MT,HONDA,NXR160 BROS ESDD
725,,JUIZ DE FORA,68,MG,,PALIO ATTRACTIV 1.0
726,2019.0,CAMPO MOURAO,68,PR,SHINERAY,50Q
727,2008.0,JACIARA,19,MT,,BIZ 125 KS
728,2018.0,,26,,HONDA,
729,1995.0,PATROCINIO,11,MG,,UNO CS IE
730,1981.0,TERESOPOLIS,11,RJ,FIAT,147 L
731,2013.0,,68,,HYUNDAI,HB20S 1.6A PREM
732,2012.0,CANARANA,10,MT,RENAULT,
733,2005.0,CRISTAIS,15,MG,,CG 150 TITAN KS
734,2015.0,ALTAMIRA,15,PA,,SAVEIRO CD HL MB
735,,,21,BA,FIAT,
736,2009.0,,10,RR,MBENZ,OF1418 NEOBUS MEGA
737,,,28,PA,VW,
738,2007.0,MORRINHOS,15,GO,,CIVIC LXS FLEX
739,2004.0,,13,CE,FIAT,UNO MILLE FIRE
740,1997.0,,15,MG,,
741,2015.0,,19,,HONDA,NXR160 BROS ESDD
742,1997.0,BRASILIA,11,DF,,TURISCAR
743,,VILA VELHA,14,ES,,RENEGADE LIMITED AT
744,2006.0,,18,MG,VW,
745,2018.0,MANHUACU,10,MG,,ONIX 1.0MT LT
746,2014.0,JUIZ DE FORA,11,,,
747,2014.0,SENADOR AMARAL,14,,,STRADA WORKING
748,2005.0,MARINGA,17,PR,SUNDOWN,FUTURE 125
749,1997.0,,44,MG,FIAT,UNO MILLE SX
750,1994.0,,10,PE,VW,
751,2006.0,,11,MG,,BIZ 125 KS
752,2019.0,APARECIDA DE GOIANIA,17,GO,,CITY EX CVT
753,2006.0,,19,RJ,HONDA,XR 250 TORNADO
754,,CARUARU,66,PE,,HB20 1.0M UNIQUE
755,2013.0,TOMAR DO GERU,66,SE,HONDA,
756,2000.0,POMBOS,16,PE,HONDA,CG 125 TITAN ES
757,2013.0,ARAPIRACA,66,AL,,FOX 1.0 GII
758,1982.0,TERESINA,13,PI,FIAT,PANORAMA CL
759,2009.0,SAO JOAO DE MERITI,66,RJ,GM,
760,,,16,,HONDA,POP100
761,2002.0,,13,MG,FIAT,PALIO ELX
762,2006.0,,12,,HONDA,
763,1998.0,MANAUS,11,AM,,RENAULT MEGANE 1.6 B
764,,MEDEIROS NETO,18,,HONDA,
765,2005.0,,66,,,CORSA SEDAN MAXX
766,,CACOAL,65,RO,FIAT,
767,2001.0,CARUARU,65,PE,,GOL 16V PLUS
768,2004.0,JACIARA,37,MT,HONDA,
769,2013.0,CUIABA,65,,,POP100
770,2008.0,,13,CE,,WEB 100
771,2014.0,,16,TO,HONDA,
772,1996.0,ABAETETUBA,17,PA,HONDA,CG 125 TITAN
773,2003.0,,12,PA,,GOL SPECIAL
774,2021.0,,16,,,
775,1996.0,,13,RN,GM,CORSA WIND
776,2018.0,,33,MG,,HR-V EXL CVT
777,2014.0,ITABERAI,65,GO,,CG150 FAN ESDI
778,2012.0,OROCO,29,PE,,
779,1998.0,UNAI,39,MG,,CORSA WIND
780,2009.0,PEDRO VELHO,41,RN,,
781,1998.0,DIVINOLANDIA DE MINAS,13,,HONDA,CG 125 TITAN
782,2013.0,,12,,YAMAHA,T115 CRYPTON ED
783,2008.0,,31,MS,GM,ASTRA HB 4P ADVANTAGE
784,2015.0,,17,CE,,
785,2021.0,CAMPO GRANDE,32,,,
786,2020.0,FORTALEZA,15,CE,,VM 330 8X2R
787,2010.0,,36,MT,VW,
788,2012.0,IVAIPORA,13,PR,FIAT,STRADA WORKING
789,2001.0,VILA VELHA,64,ES,FIAT,
790,,MANAUS,34,,,
791,,,15,PA,GM,CHEVROLET C10
792,1994.0,,21,PR,FORD,ESCORT 1.0 HOBBY
793,2013.0,SAO LUIS,14,MA,,FIT TWIST
794,2014.0,JUIZ DE FORA,18,MG,VW,SAVEIRO CE TL MB
795,1982.0,,64,RJ,FORD,DEL REY
796,1996.0,,15,,,
797,2010.0,SAO JOSE DA TAPERA,10,AL,,
798,2014.0,FEIRA DE SANTANA,11,,,VOYAGE EVIDENCE MB
799,2016.0,RIO VERDE,18,GO,VW,
800,2013.0,MANAUS,63,AM,VW,FOX 1.6 GII
801,,,46,MG,,PALIO EX
802,1990.0,JAPURA,25,PR,HONDA,CG 125 TODAY
803,2015.0,VERA CRUZ,18,BA,,CG150 FAN ESDI
804,2008.0,,63,BA,JTA,
805,,ANGRA DOS REIS,36,RJ,VW,FUSCA 1300
806,2014.0,JUAZEIRO DO NORTE,19,CE,HONDA,
807,2013.0,MAGE,12,RJ,CHEV,
808,2015.0,,12,GO,,
809,2020.0,SAO MIGUEL DO IGUACU,18,PR,FIAT,STRADA FREEDOM 13CS
810,2012.0,SAQUAREMA,48,RJ,HONDA,CG 150 FAN ESI
811,2009.0,BARBACENA,25,,HONDA,CG 150 FAN ESI
812,,SAO JOSE DA LAPA,26,MG,HONDA,CG 125 FAN ES
813,1986.0,PATO BRANCO,11,PR,,
814,2015.0,ITABERABA,19,BA,YAMAHA,
815,,NATAL,15,RN,,FORD RANGER STX
816,2020.0,,21,PR,JEEP,
817,2021.0,CAMPO GRANDE,34,MS,,
818,2021.0,MARCELANDIA,17,MT,HONDA,NXR160 BROS ESDD
819,,,10,PR,SCANIA,T113 H 4X2 360
820,2004.0,VICOSA,15,,,CBX 250 TWISTER
821,1995.0,ERVALIA,17,,,
822,2019.0,,38,MT,VW,NOVA SAVEIRO RB MBVS
823,2019.0,,13,MA,FIAT,ARGO DRIVE 1.3 GSR
824,2016.0,,62,RJ,CITROEN,
825,,,27,MG,YAMAHA,XVS950A MIDN.STAR
826,,,21,,,
827,2002.0,ALEM PARAIBA,14,MG,HONDA,
828,,,13,PA,,CB 300R
829,2014.0,PAUDALHO,61,PE,,CG 150 TITAN EX
830,,OLINDA,21,PE,,ONIX 1.4AT LTZ
831,2003.0,,14,ES,GM,ASTRA HATCH 5P CD
832,,,21,MG,FIAT,
833,2010.0,BONITO,61,MS,,CG 150 FAN ESI
834,,BELEM,43,PA,GM,CELTA 5 PORTAS SUPER
835,,,61,PR,,MARCH ACTIVE 10
836,2015.0,SAO LUIS DO QUITUNDE,21,AL,,
837,2012.0,,12,ES,VW,SAVEIRO 1.6 CE CROSS
838,1988.0,CASCAVEL,14,PR,SCANIA,
839,1984.0,SETE LAGOAS,15,MG,,CHEVROLET D10
840,2017.0,BARRA,18,,,NXR160 BROS ESDD
841,1982.0,,15,MT,GM,
842,,BELO HORIZONTE,60,MG,VW,
843,2005.0,RIO VERDE,42,,,
844,1994.0,,13,RJ,,
845,1999.0,PALMAS,23,,,PALIO EX
846,2002.0,SANTA HELENA DE GOIAS,22,GO,,CG 125 TITAN KSE
847,,PORTO VELHO,60,RO,,
848,1994.0,FORTALEZA,16,CE,GM,OMEGA GL
849,,,60,RJ,HONDA,
850,,SALVADOR,16,BA,FORD,CARGO 4030
851,1997.0,,11,MG,FIAT,UNO MILLE SX
852,2001.0,,60,RJ,,UNO MILLE FIRE
853,2013.0,,16,MA,HONDA,CG 125 FAN KS
854,,FEIRA DE SANTANA,39,BA,VW,9.160 DRC 4X2
855,2000.0,VITORIA DA CONQUISTA,10,BA,MBENZ,BUSSCAR VIS BUSS R
856,,,27,GO,HONDA,CG 160 FAN
857,2006.0,,36,PR,GM,
858,,CUIABA,60,MT,VW,
859,2010.0,,11,MG,,
860,,,59,,,
861,1987.0,APARECIDA DE GOIANIA,11,GO,,
862,2010.0,PEDRO DO ROSARIO,20,,,CG 125 FAN KS
863,,,12,PA,,
864,2010.0,,30,MT,HONDA,CG150 TITAN MIX EX
865,2017.0,NOVA IGUACU,26,,,YBR125I FACTOR ED
866,2004.0,JUIZ DE FORA,59,MG,,
867,2013.0,LINHARES,59,ES,,
868,2003.0,IVINHEMA,10,MS,GM,
869,,,16,MS,YAMAHA,CY 50 JOG
870,2015.0,,18,PI,JEEP,
871,2015.0,CUIABA,59,MT,HYUNDAI,
872,2018.0,,29,RN,HONDA,NC 750X
873,2005.0,PEDRAS DE MARIA DA CRUZ,14,MG,HONDA,CG 150 TITAN KS
874,,ROSARIO,28,,HONDA,
875,2001.0,,23,RO,HONDA,XLR 125 ES
876,2019.0,BENEVIDES,14,,,
877,1996.0,,11,GO,,
878,,UBERLANDIA,58,MG,,FIORINO FLEX
879,2002.0,CORNELIO PROCOPIO,13,PR,HONDA,
880,1986.0,,15,MS,FORD,F4000
881,2006.0,NOSSA SENHORA DO LIVRAMENTO,23,MT,HONDA,
882,2013.0,SENADOR CANEDO,10,GO,HONDA,CIVIC EXR
883,2012.0,GUANAMBI,18,BA,FIAT,STRADA FIRE FLEX
884,1981.0,UBIRATA,14,PR,VW,BRASILIA
885,1981.0,FORTALEZA,22,CE,GM,OPALA DIPLOMATA
886,2001.0,SAO GABRIEL,24,BA,HONDA,CG 125 TITAN KS
887,,TIMBAUBA,58,PE,HONDA,NXR150 BROS ES
888,2020.0,,21,PE,RENAULT,CAPTUR 16 BOSE
889,2020.0,SAO JOSE DO EGITO,24,PE,,
890,2018.0,SERRA,22,ES,,
891,2008.0,,12,MA,,SUZUKI EN125 YES
892,1998.0,,11,ES,VW,
893,2012.0,DUQUE DE CAXIAS,24,RJ,FIAT,
894,2009.0,ICAPUI,12,CE,HONDA,CG 150 TITAN ES
895,2012.0,SAO JOAO DEL REI,16,MG,,
896,2010.0,,15,,,NXR150 BROS MIX ES
897,2001.0,IGUATU,57,CE,,YBR 125K
898,2008.0,,30,MG,,GUERRA AG GR
899,2015.0,CAMPOS DOS GOYTACAZES,12,RJ,HONDA,CITY EXL CVT
900,1997.0,ANTONIO OLINTO,10,,,CG 125 TITAN
901,,,10,,,CROSSFOX GII
902,1978.0,,13,MG,GM,CARAVAN
903,1997.0,,12,MG,HONDA,
904,2015.0,ITAUNA,11,MG,HONDA,
905,1998.0,PORANGATU,21,GO,FIAT,
906,2019.0,,32,MA,,YARIS HB XL 13 MT
907,2014.0,VILA VELHA,13,ES,VW,
908,2013.0,,13,MG,,
909,2012.0,SAO GONCALO DO PARA,32,MG,HONDA,
910,2018.0,,57,CE,CHEVROLET,S10 HC DD4A
911,2014.0,DIVINOPOLIS,14,MG,VOLVO,
912,2007.0,,27,PE,SUNDOWN,HUNTER 125 SE
913,1996.0,SAO JOSE DOS PINHAIS,12,PR,,FORD RANGER STX
914,2003.0,QUIXADA,22,,,UNO MILLE FIRE
915,,JUAZEIRO DO NORTE,26,,,
916,1981.0,RIO BRANCO,13,AC,FORD,CORCEL II
917,2002.0,CORNELIO PROCOPIO,19,PR,VW,GOL 16V POWER
918,1976.0,SANTA IZABEL DO OESTE,14,PR,,FUSCA 1300
919,1994.0,CRATO,57,CE,,
920,1988.0,,11,MG,FORD,DEL REY BELINA GHIA
921,,,15,PA,YAMAHA,
922,2010.0,,14,RJ,VW,VOYAGE 1.0
923,2012.0,,19,CE,,GOLF 1.6 SPORTLINE
924,1989.0,GUARAPARI,12,,FORD,ESCORT L
925,2011.0,,19,,YAMAHA,
926,2001.0,FOZ DO IGUACU,32,,YAMAHA,YBR 125E
927,1980.0,,21,,FIAT,147 GLS
928,2012.0,,22,PA,HYUNDAI,HB20 1.6M 1.6M
929,2013.0,,56,RO,,NXR150 BROS ESD
930,2001.0,,11,MG,HONDA,
931,2005.0,JUAZEIRO DO NORTE,30,CE,,
932,2004.0,,21,,,
933,2011.0,PATO BRANCO,13,PR,,SUZUKI INTRUDER 125
934,2013.0,JUAZEIRO,56,BA,,
935,2004.0,SAO JOSE DOS PINHAIS,56,PR,HONDA,
936,2011.0,SAO JOSE DOS PINHAIS,56,,,GOL 1.6
937,2015.0,URUARA,23,PA,MMC,
938,2014.0,GRAJAU,10,MA,,
939,2021.0,SALGUEIRO,55,PE,HONDA,
940,2003.0,QUEIMADAS,10,BA,FIAT,
941,2003.0,SANTA MARIA DO PARA,17,PA,HONDA,
942,,,10,,VW,FOX 1.6 GII
943,1995.0,,19,GO,FIAT,
944,2003.0,JOAO PINHEIRO,55,MG,VW,GOL 1.0
945,2004.0,,55,BA,HONDA,CG 150 TITAN ES
946,1988.0,ARARUAMA,55,RJ,VW,
947,2003.0,,55,,,
948,2009.0,MONSENHOR TABOSA,51,CE,,CG 125 FAN KS
949,2005.0,UNAI,22,MG,SR,GUERRA AG GR
950,2008.0,PARNAMIRIM,24,,VW,POLO SEDAN 1.6
951,2002.0,MORADA NOVA,20,CE,FIAT,UNO MILLE FIRE
952,2007.0,BRUMADO,24,BA,VW,
953,1997.0,,20,MG,VW,GOL MI
954,2009.0,,12,MG,HONDA,
955,2008.0,EUNAPOLIS,22,BA,YAMAHA,FACTOR YBR125 E
956,1983.0,TEOFILO OTONI,12,MG,VW,VOYAGE LS
957,2012.0,,11,PR,VW,
958,1996.0,,40,RJ,,
959,2000.0,,10,,VW,
960,2008.0,BETIM,19,MG,GM,VECTRA SEDAN ELEGANCE
961,1976.0,ITATIAIA,13,RJ,VW,BRASILIA
962,2013.0,RECIFE,54,PE,TOYOTA,ETIOS SD X
963,,QUIRINOPOLIS,13,GO,,
964,,RONDONOPOLIS,13,MT,FORD,
965,2011.0,,15,,VW,GOLF 1.6 SPORTLINE
966,,,50,,GM,
967,2002.0,PARACATU,10,,VW,GOLF
968,2010.0,CACERES,54,MT,,
969,2013.0,LAVRAS,26,,VW,
970,,,54,MG,,UNO MILLE FIRE
971,2011.0,SERRA,11,ES,FORD,FIESTA SEDAN FLEX
972,1996.0,CASSIA,13,MG,FIAT,UNO MILLE SX
973,2014.0,,24,MG,SR,
974,2009.0,VILA VELHA,54,,HONDA,NXR150 BROS ES
975,2004.0,TRAIRI,54,CE,,CG 150 TITAN KS
976,1977.0,ITAPECERICA,11,MG,VW,FUSCA 1300 L
977,,VARZEA GRANDE,18,MT,,C3 90M TENDANCE
978,2009.0,FORMOSA DA SERRA NEGRA,34,MA,HONDA,
979,2009.0,,13,,VW,
980,2017.0,NITEROI,15,RJ,HYUNDAI,
981,1986.0,,42,MG,FIAT,UNO
982,2000.0,CACHOEIRO DE ITAPEMIRIM,19,ES,VW,
983,,,10,BA,VW,
984,2008.0,,53,PR,FIAT,
985,2012.0,CARAUARI,14,,,CG 125 FAN KS
986,2000.0,ALMEIRIM,19,PA,HONDA,
987,2006.0,VARZEA GRANDE,20,MT,VW,
988,2019.0,ITUPIRANGA,14,PA,SR,LIBRELATO SRCA 2E
989,2012.0,VITORIA DA CONQUISTA,17,BA,,FRONTIER XE 4X2
990,2015.0,,29,MG,,
991,,CURITIBA,53,PR,HONDA,
992,,ITUIUTABA,23,MG,FIAT,STRADA VOLCANO 13CD
993,2015.0,,19,SE,,FAZER250 BLUEFLEX
994,2010.0,,12,,HONDA,CG150 TITAN MIX KS
995,,LUZIANIA,11,,YAMAHA,
996,1974.0,,13,TO,,
997,2019.0,MARIBONDO,52,,,POP 110I
998,2005.0,,12,PA,,C100 BIZ MAIS
999,2002.0,ESPINOSA,16,MG,,XR 200R
1000,1989.0,MOSSORO,19,RN,,
